Group,Network,Block,Treatment,Day,Time,Location,Members,Notes,,,
1,N/A,0,Twelve,1,1000,1,R E,,,,
2,N/A,0,Twelve,1,1000,2,D B I,,,,
3,N/A,0,Twelve,1,1000,7,F H,,,,
4,N/A,0,Twelve,1,1000,10,S T,,,,
5,N/A,0,Twelve,1,1115,1,R E,,,,
6,N/A,0,Twelve,1,1115,2,B A I L,,,,
7,N/A,0,Twelve,1,1115,4,M N,,,,
8,N/A,0,Twelve,1,1115,7,F H K,,,,
9,N/A,0,Twelve,1,1115,8,J W,,,,
10,N/A,0,Twelve,1,1115,12,S V,,,,
11,N/A,0,Twelve,1,1230,1,R E,,,,
12,N/A,0,Twelve,1,1230,2,A B D I,,,,
13,N/A,0,Twelve,1,1230,4,M N X,,,,
14,N/A,0,Twelve,1,1230,7,H C F K L,,,,
15,N/A,0,Twelve,1,1300,1,R E,,,,
16,N/A,0,Twelve,1,1300,2,A B I D,,,,
17,N/A,0,Twelve,1,1300,4,M O,,,,
18,N/A,0,Twelve,1,1300,6,W Q,,,,
19,N/A,0,Twelve,1,1300,7,W X F H,,,,
20,N/A,0,Twelve,1,1430,1,R E Q X ,,,,
21,N/A,0,Twelve,1,1430,2,A B I,,,,
22,N/A,0,Twelve,1,1430,4,M N W,,,,
23,N/A,0,Twelve,1,1430,7,L F C,,,,
24,N/A,0,Twelve,1,1530,1,R E ,,,,
25,N/A,0,Twelve,1,1530,2,A W ,,,,
26,N/A,0,Twelve,1,1530,7,C H B X,,,,
27,N/A,0,Twelve,1,1530,8,K L,,,,
28,N/A,0,Twelve,1,1630,2,D I ,,,,
29,N/A,0,Twelve,1,1630,7,B H X,,,,
30,N/A,0,Twelve,1,1630,11,C N,,,,
31,N/A,0,Twelve,1,1730,2,A T ,,,,
32,N/A,0,Twelve,1,1730,7,L M,,,,
33,N/A,0,Twelve,1,1800,4,E J L U,,,,
34,N/A,0,Twelve,1,1800,10,B F,,,,
35,N/A,0,Twelve,2,1000,1,T W,,,,
36,N/A,0,Twelve,2,1000,2,A S V ,,,,
37,N/A,0,Twelve,2,1000,4,C J,,,,
38,N/A,0,Twelve,2,1000,6,B R,,,,
39,N/A,0,Twelve,2,1000,7,H O,,,,
40,N/A,0,Twelve,2,1000,8,K L,,,,
41,N/A,0,Twelve,2,1000,11,X F Q M U,,,,
42,N/A,0,Twelve,2,1115,2,A S V ,,,,
43,N/A,0,Twelve,2,1115,4,C J,,,,
44,N/A,0,Twelve,2,1115,6,N R,,,,
45,N/A,0,Twelve,2,1115,7,T H ,,,,
46,N/A,0,Twelve,2,1115,7,H O,,,,
47,N/A,0,Twelve,2,1115,8,K L,,,,
48,N/A,0,Twelve,2,1115,11,X F Q M U,,,,
49,N/A,0,Twelve,2,1230,2,A S V ,,,,
50,N/A,0,Twelve,2,1230,4,C J,,,,
51,N/A,0,Twelve,2,1230,6,N R,,,,
52,N/A,0,Twelve,2,1230,8,K L,,,,
53,N/A,0,Twelve,2,1230,11,F M U X ,,,,
54,N/A,0,Twelve,2,1230,11,Q T,,,,
55,N/A,0,Twelve,2,1330,2,A S V ,,,,
56,N/A,0,Twelve,2,1330,4,C J ,,,,
57,N/A,0,Twelve,2,1330,6,N R,,,,
58,N/A,0,Twelve,2,1330,8,D K L,,,,
59,N/A,0,Twelve,2,1330,11,F M U X ,,,,
60,N/A,0,Twelve,2,1330,11,Q T ,,,,
61,N/A,0,Twelve,2,1430,2,A S V ,,,,
62,N/A,0,Twelve,2,1430,4,C J,,,,
63,N/A,0,Twelve,2,1430,6,N R,,,,
64,N/A,0,Twelve,2,1430,8,D K L,,,,
65,N/A,0,Twelve,2,1430,11,F M U X ,,,,
66,N/A,0,Twelve,2,1430,11,Q T,,,,
67,N/A,0,Twelve,2,1530,2,A S V ,,,,
68,N/A,0,Twelve,2,1530,4,C J,,,,
69,N/A,0,Twelve,2,1530,6,N R,,,,
70,N/A,0,Twelve,2,1530,8,D K L,,,,
71,N/A,0,Twelve,2,1530,11,F M U X ,,,,
72,N/A,0,Twelve,2,1630,2,A S V ,,,,
73,N/A,0,Twelve,2,1630,4,C J,,,,
74,N/A,0,Twelve,2,1630,7,H I O,,,,
75,N/A,0,Twelve,2,1630,8,D L,,,,
76,N/A,0,Twelve,2,1630,12,P T,,,,
77,N/A,0,Twelve,2,1730,2,A S,,,,
78,N/A,0,Twelve,2,1730,4,C J ,,,,
79,N/A,0,Twelve,2,1730,7,H I O U,,,,
80,N/A,0,Twelve,2,1730,8,D L Q,,,,
81,N/A,0,Twelve,2,1730,10,B G,,,,
82,N/A,0,Twelve,2,1800,2,A S V ,,,,
83,N/A,0,Twelve,2,1800,4,C J,,,,
84,N/A,0,Twelve,2,1800,7,O U H I,,,,
85,N/A,0,Twelve,2,1800,8,D L Q,,,,
86,N/A,0,Twelve,2,1800,10,B G,,,,
87,N/A,0,Twelve,3,1000,2,A S,,,,
88,N/A,0,Twelve,3,1000,4,C E Q,,,,
89,N/A,0,Twelve,3,1000,7,O H,,,,
90,N/A,0,Twelve,3,1000,8,D L N R,,,,
91,N/A,0,Twelve,3,1000,10,B F K,,,,
92,N/A,0,Twelve,3,1000,12,M P V,,,,
93,N/A,0,Twelve,3,1115,2,A S,,,,
94,N/A,0,Twelve,3,1115,4,C E Q,,,,
95,N/A,0,Twelve,3,1115,7,H O,,,,
96,N/A,0,Twelve,3,1115,8,D L N R,,,,
97,N/A,0,Twelve,3,1115,10,B F K,,,,
98,N/A,0,Twelve,3,1115,12,M P V,,,,
99,N/A,0,Twelve,3,1230,2,A S,,,,
100,N/A,0,Twelve,3,1230,4,C E Q,,,,
101,N/A,0,Twelve,3,1230,7,H O,,,,
102,N/A,0,Twelve,3,1230,8,D L N R,,,,
103,N/A,0,Twelve,3,1230,10,B F K,,,,
104,N/A,0,Twelve,3,1230,12,M P V,,,,
105,N/A,0,Twelve,3,1330,2,A S,,,,
106,N/A,0,Twelve,3,1330,6,Q T,,,,
107,N/A,0,Twelve,3,1330,7,H O,,,,
108,N/A,0,Twelve,3,1330,8,L D,,,,
109,N/A,0,Twelve,3,1330,8,L N R,,,,
110,N/A,0,Twelve,3,1330,10,B F G K,,,,
111,N/A,0,Twelve,3,1330,12,M P V,,,,
112,N/A,0,Twelve,3,1430,2,A S,,,,
113,N/A,0,Twelve,3,1430,4,C J,,,,
114,N/A,0,Twelve,3,1430,6,Q T,,,,
115,N/A,0,Twelve,3,1430,7,I O,,,,
116,N/A,0,Twelve,3,1430,8,N D,,,,
117,N/A,0,Twelve,3,1430,10,B F G K,,,,
118,N/A,0,Twelve,3,1430,12,P V,,,,
119,N/A,0,Twelve,3,1530,2,A S,,,,
120,N/A,0,Twelve,3,1530,7,C I R,,,,
121,N/A,0,Twelve,3,1530,7,I O,,,,
122,N/A,0,Twelve,3,1530,7,O H,,,,
123,N/A,0,Twelve,3,1530,8,D T,,,,
124,N/A,0,Twelve,3,1530,9,B L,,,,
125,N/A,0,Twelve,3,1530,12,E M P,,,,
126,N/A,0,Twelve,3,1630,4,J N,,,,
127,N/A,0,Twelve,3,1630,7,G H,,,,
128,N/A,0,Twelve,3,1630,12,M E,,,,
129,N/A,0,Twelve,3,1730,2,A S,,,,
130,N/A,0,Twelve,3,1730,11,C L,,,,
131,N/A,0,Twelve,3,1730,12,M P,,,,
132,N/A,0,Twelve,3,1800,7,G H I,,,,
133,N/A,0,Twelve,3,1800,7,P U,,,,
134,N/A,0,Twelve,3,1800,11,C L,,,,
135,N/A,0,Twelve,3,1800,12,A E T,,,,
136,N/A,0,Twelve,4,1000,2,O Q S,,,,
137,N/A,0,Twelve,4,1000,7,G H I ,,,,
138,N/A,0,Twelve,4,1000,10,R U V,,,,
139,N/A,0,Twelve,4,1000,11,C F ,,,,
140,N/A,0,Twelve,4,1000,12,E T ,,,,
141,N/A,0,Twelve,4,1115,2,E G,,,,
142,N/A,0,Twelve,4,1115,7,G H I ,,,,
143,N/A,0,Twelve,4,1115,10,R U V,,,,
144,N/A,0,Twelve,4,1115,11,F L,,,,
145,N/A,0,Twelve,4,1115,12,E T ,,,,
146,N/A,0,Twelve,4,1230,2,Q S,,,,
147,N/A,0,Twelve,4,1230,7,G H I,,,,
148,N/A,0,Twelve,4,1230,10,R U V,,,,
149,N/A,0,Twelve,4,1230,11,C F ,,,,
150,N/A,0,Twelve,4,1230,12,M E,,,,
151,N/A,0,Twelve,4,1330,2,Q S,,,,
152,N/A,0,Twelve,4,1330,7,S T,,,,
153,N/A,0,Twelve,4,1330,7,F I,,,,
154,N/A,0,Twelve,4,1330,8,D L,,,,
155,N/A,0,Twelve,4,1330,10,R V,,,,
156,N/A,0,Twelve,4,1330,12,M T,,,,
157,N/A,0,Twelve,4,1330,12,A E,,,,
158,N/A,0,Twelve,4,1430,2,E G,,,,
159,N/A,0,Twelve,4,1430,2,F O,,,,
160,N/A,0,Twelve,4,1430,4,J W,,,,
161,N/A,0,Twelve,4,1430,7,G H I,,,,
162,N/A,0,Twelve,4,1430,8,D L,,,,
163,N/A,0,Twelve,4,1430,10,U V,,,,
164,N/A,0,Twelve,4,1430,12,A E R,,,,
165,N/A,0,Twelve,4,1530,4,J W,,,,
166,N/A,0,Twelve,4,1530,7,G H I L,,,,
167,N/A,0,Twelve,4,1530,12,M T,,,,
168,N/A,0,Twelve,4,1530,12,A E,,,,
169,N/A,0,Twelve,4,1630,4,J W,,,,
170,N/A,0,Twelve,4,1630,7,G H I,,,,
171,N/A,0,Twelve,4,1630,8,D F,,,,
172,N/A,0,Twelve,4,1630,12,A M T,,,,
173,N/A,0,Twelve,4,1730,7,G H I,,,,
174,N/A,0,Twelve,4,1730,9,B K,,,,
175,N/A,0,Twelve,4,1800,4,F W,,,,
176,N/A,0,Twelve,4,1800,7,G H I L,,,,
177,N/A,0,Twelve,4,1800,9,B K V,,,,
178,N/A,0,Twelve,4,1800,12,E A,,,,
179,N/A,0,Twelve,5,1000,2,Q V,,,,
180,N/A,0,Twelve,5,1000,4,F J,,,,
181,N/A,0,Twelve,5,1000,4,S W,,,,
182,N/A,0,Twelve,5,1000,7,G H L,,,,
183,N/A,0,Twelve,5,1000,7,L O,,,,
184,N/A,0,Twelve,5,1000,9,B K R,,,,
185,N/A,0,Twelve,5,1000,11,A C,,,,
186,N/A,0,Twelve,5,1115,4,S J ,,,,
187,N/A,0,Twelve,5,1115,7,G H,,,,
188,N/A,0,Twelve,5,1115,8,D X,,,,
189,N/A,0,Twelve,5,1115,9,K R,,,,
190,N/A,0,Twelve,5,1115,11,A C,,,,
191,N/A,0,Twelve,5,1230,1,M X,,,,
192,N/A,0,Twelve,5,1230,6,P T,,,,
193,N/A,0,Twelve,5,1230,7,G H I,,,,
194,N/A,0,Twelve,5,1230,9,K R,,,,
195,N/A,0,Twelve,5,1230,12,D E,,,,
196,N/A,0,Twelve,5,1330,7,G H I S W,,,,
197,N/A,0,Twelve,5,1330,9,K R,,,,
198,N/A,0,Twelve,5,1330,12,E M,,,,
199,N/A,0,Twelve,5,1430,7,G I,,,,
200,N/A,0,Twelve,5,1430,9,K R,,,,
201,N/A,0,Twelve,5,1430,11,A C,,,,
202,N/A,0,Twelve,5,1430,12,D E,,,,
203,N/A,0,Twelve,5,1530,6,A K E,,,,
204,N/A,0,Twelve,5,1630,4,J U,,,,
205,N/A,0,Twelve,5,1630,6,B E,,,,
206,N/A,0,Twelve,5,1630,7,F I,,,,
207,N/A,0,Twelve,5,1630,10,C G,,,,
208,N/A,0,Twelve,5,1730,4,F J ,,,,
209,N/A,0,Twelve,5,1730,6,B E,,,,
210,N/A,0,Twelve,5,1730,7,I K,,,,
211,N/A,0,Twelve,5,1800,7,I K,,,,
212,N/A,0,Twelve,5,1800,12,L O,,,,
213,N/A,0,Twelve,6,1000,4,F Q,,,,
214,N/A,0,Twelve,6,1000,6,B E,,,,
215,N/A,0,Twelve,6,1000,6,X H T,,,,
216,N/A,0,Twelve,6,1000,7,I K,,,,
217,N/A,0,Twelve,6,1000,12,L V,,,,
218,N/A,0,Twelve,6,1000,12,A O,,,,
219,N/A,0,Twelve,6,1115,6,E P,,,,
220,N/A,0,Twelve,6,1115,6,H T,,,,
221,N/A,0,Twelve,6,1115,7,I K,,,,
222,N/A,0,Twelve,6,1115,10,C G,,,,
223,N/A,0,Twelve,6,1115,12,A V,,,,
224,N/A,0,Twelve,6,1230,6,E H,,,,
225,N/A,0,Twelve,6,1230,10,C G,,,,
226,N/A,0,Twelve,6,1330,1,V W,,,,
227,N/A,0,Twelve,6,1330,6,H T,,,,
228,N/A,0,Twelve,6,1430,6,H T,,,,
229,N/A,0,Twelve,6,1430,12,C E Q,,,,
230,N/A,0,Twelve,6,1530,4,C L ,,,,
231,N/A,0,Twelve,6,1530,12,A K,,,,
232,N/A,0,Twelve,6,1630,6,H N P,,,,
233,N/A,0,Twelve,6,1630,7,B W,,,,
234,N/A,0,Twelve,6,1730,4,J O,,,,
235,N/A,0,Twelve,6,1730,6,L N,,,,
236,N/A,0,Twelve,6,1730,7,B W,,,,
237,N/A,0,Twelve,6,1730,7,I X,,,,
238,N/A,0,Twelve,6,1730,10,F U,,,,
239,1,1,Twelve,1,900,1,X U M J,,,,
240,1,1,Twelve,1,900,5,D N F,,,,
241,1,1,Twelve,1,900,8,L R,,,,
242,1,1,Twelve,1,900,10,H I O,,,,
243,1,1,Twelve,1,900,10,T V,,,,
244,1,1,Twelve,1,1000,1,J U M,,,,
245,1,1,Twelve,1,1000,5,N D,,,,
246,1,1,Twelve,1,1100,1,J U M,,,,
247,1,1,Twelve,1,1100,5,N D,,,,
248,1,1,Twelve,1,1200,1,M U,,,,
249,1,1,Twelve,1,1200,10,P H,,,,
250,1,1,Twelve,1,1300,1,J K U F,,,,
251,1,1,Twelve,1,1500,7,U F L,,,,
252,1,1,Twelve,1,1600,10,K J V X,,,,
253,1,1,Twelve,1,1700,10,I C,,,,
254,1,1,Twelve,1,1700,12,R T,,,,
255,1,1,Twelve,2,900,7,J O,,,,
256,1,1,Twelve,2,900,8,A K,,,,
257,1,1,Twelve,2,900,10,V M ,,,,
258,1,1,Twelve,2,900,10,P I C,,,,
259,1,1,Twelve,2,900,12,B F W T,,,,
260,1,1,Twelve,2,1000,7,J O,,,,
261,1,1,Twelve,2,1000,8,A K,,,,
262,1,1,Twelve,2,1000,10,M V,,,,
263,1,1,Twelve,2,1000,10,I P C,,,,
264,1,1,Twelve,2,1000,12,B F W T,,,,
265,1,1,Twelve,2,1100,7,J O,,,,
266,1,1,Twelve,2,1100,8,A K,,,,
267,1,1,Twelve,2,1100,10,M V,,,,
268,1,1,Twelve,2,1100,10,I P C,,,,
269,1,1,Twelve,2,1100,12,W T,,,,
270,1,1,Twelve,2,1200,8,A K,,,,
271,1,1,Twelve,2,1200,10,I P,,,,
272,1,1,Twelve,2,1200,12,W T,,,,
273,1,1,Twelve,2,1300,1,D U,,,,
274,1,1,Twelve,2,1300,2,O J,,,,
275,1,1,Twelve,2,1300,10,C I P V,,,,
276,1,1,Twelve,2,1300,12,W T,,,,
277,1,1,Twelve,2,1400,8,A B,,,,
278,1,1,Twelve,2,1400,10,I P V,,,,
279,1,1,Twelve,2,1400,12,T K ,,,,
280,1,1,Twelve,2,1500,8,A B,,,,
281,1,1,Twelve,2,1500,10,C I P V,,,,
282,1,1,Twelve,2,1600,1,D U,,,,
283,1,1,Twelve,2,1600,8,A B,,,,
284,1,1,Twelve,2,1600,10,C E I K P V,,,,
285,1,1,Twelve,2,1700,1,D U,,,,
286,1,1,Twelve,2,1700,8,A B,,,,
287,1,1,Twelve,2,1700,10,C E K P V,,,,
288,1,1,Twelve,2,1700,12,R T,,,,
289,1,1,Twelve,3,900,1,D U,,,,
290,1,1,Twelve,3,900,4,X S,,,,
291,1,1,Twelve,3,900,7,M J,,,,
292,1,1,Twelve,3,900,8,A B,,,,
293,1,1,Twelve,3,900,10,C P V K E,,,,
294,1,1,Twelve,3,900,12,N W,,,,
295,1,1,Twelve,3,1000,1,D U ,,,,
296,1,1,Twelve,3,1000,7,M J,,,,
297,1,1,Twelve,3,1000,8,A B,,,,
298,1,1,Twelve,3,1000,10,C K P V,,,,
299,1,1,Twelve,3,1000,12,N W,,,,
300,1,1,Twelve,3,1100,1,D U,,,,
301,1,1,Twelve,3,1100,8,A B,,,,
302,1,1,Twelve,3,1100,10,C K P V,,,,
303,1,1,Twelve,3,1100,10,E I,,,,
304,1,1,Twelve,3,1100,12,N W,,,,
305,1,1,Twelve,3,1200,8,A L,,,,
306,1,1,Twelve,3,1200,10,P V,,,,
307,1,1,Twelve,3,1300,8,A L,,,,
308,1,1,Twelve,3,1300,10,C P V,,,,
309,1,1,Twelve,3,1300,12,N W T,,,,
310,1,1,Twelve,3,1500,7,R S,,,,
311,1,1,Twelve,3,1500,8,A E G,,,,
312,1,1,Twelve,3,1500,10,T V,,,,
313,1,1,Twelve,3,1600,2,K F,,,,
314,1,1,Twelve,3,1600,8,A H,,,,
315,1,1,Twelve,3,1600,10,R T V W X,,,,
316,1,1,Twelve,3,1600,11,D G,,,,
317,1,1,Twelve,3,1700,8,A H,,,,
318,1,1,Twelve,3,1700,10,D M R W,,,,
319,1,1,Twelve,3,1700,10,G T V X,,,,
320,1,1,Twelve,4,900,2,C E,,,,
321,1,1,Twelve,4,900,10,B D G I P T W X V,,,,
322,1,1,Twelve,4,900,11,N U,,,,
323,1,1,Twelve,4,900,12,K S,,,,
324,1,1,Twelve,4,1000,2,C E,,,,
325,1,1,Twelve,4,1000,10,P W,,,,
326,1,1,Twelve,4,1000,10,B G R T V X,,,,
327,1,1,Twelve,4,1000,11,N U,,,,
328,1,1,Twelve,4,1000,12,K S,,,,
329,1,1,Twelve,4,1100,2,C E M,,,,
330,1,1,Twelve,4,1100,10,W R,,,,
331,1,1,Twelve,4,1100,10,P T X,,,,
332,1,1,Twelve,4,1100,10,B G I V,,,,
333,1,1,Twelve,4,1100,11,D N U,,,,
334,1,1,Twelve,4,1100,12,K S,,,,
335,1,1,Twelve,4,1200,2,C E M ,,,,
336,1,1,Twelve,4,1200,10,W R,,,,
337,1,1,Twelve,4,1200,10,B T V X,,,,
338,1,1,Twelve,4,1200,12,K S,,,,
339,1,1,Twelve,4,1300,2,C E M,,,,
340,1,1,Twelve,4,1300,8,A H,,,,
341,1,1,Twelve,4,1300,10,B G I R T W X,,,,
342,1,1,Twelve,4,1300,11,D J V,,,,
343,1,1,Twelve,4,1300,12,K S,,,,
344,1,1,Twelve,4,1400,2,C E,,,,
345,1,1,Twelve,4,1400,2,F M,,,,
346,1,1,Twelve,4,1400,8,A H,,,,
347,1,1,Twelve,4,1400,10,B G I R T W X,,,,
348,1,1,Twelve,4,1400,11,U J,,,,
349,1,1,Twelve,4,1400,12,K S,,,,
350,1,1,Twelve,4,1500,2,C E,,,,
351,1,1,Twelve,4,1500,10,B R V W,,,,
352,1,1,Twelve,4,1500,10,I T X,,,,
353,1,1,Twelve,4,1500,11,U J,,,,
354,1,1,Twelve,4,1500,12,K S,,,,
355,1,1,Twelve,4,1600,2,E P,,,,
356,1,1,Twelve,4,1600,10,B G I R V W X,,,,
357,1,1,Twelve,4,1600,11,J U,,,,
358,1,1,Twelve,4,1600,12,K S,,,,
359,1,1,Twelve,4,1700,2,F M,,,,
360,1,1,Twelve,4,1700,8,E H,,,,
361,1,1,Twelve,4,1700,10,R T V W,,,,
362,1,1,Twelve,4,1700,10,B G I X,,,,
363,1,1,Twelve,4,1700,11,J U,,,,
364,1,1,Twelve,4,1700,12,K S,,,,
365,1,1,Twelve,5,900,8,E H,,,,
366,1,1,Twelve,5,900,10,B D G I M R T V W X,,,,
367,1,1,Twelve,5,900,11,J U N,,,,
368,1,1,Twelve,5,900,12,S K,,,,
369,1,1,Twelve,5,1000,8,E H,,,,
370,1,1,Twelve,5,1000,10,B D M R S V X,,,,
371,1,1,Twelve,5,1000,11,J U N,,,,
372,1,1,Twelve,5,1000,12,K S,,,,
373,1,1,Twelve,5,1100,8,E H,,,,
374,1,1,Twelve,5,1100,10,B I M R W X,,,,
375,1,1,Twelve,5,1100,10,D G,,,,
376,1,1,Twelve,5,1100,11,J U,,,,
377,1,1,Twelve,5,1200,8,A C H,,,,
378,1,1,Twelve,5,1200,10,B R V W,,,,
379,1,1,Twelve,5,1200,10,G I,,,,
380,1,1,Twelve,5,1200,12,K S,,,,
381,1,1,Twelve,5,1300,10,B G R W,,,,
382,1,1,Twelve,5,1300,12,K S,,,,
383,1,1,Twelve,5,1400,1,E H,,,,
384,1,1,Twelve,5,1400,10,P R,,,,
385,1,1,Twelve,5,1500,10,N R,,,,
386,1,1,Twelve,5,1500,10,G J,,,,
387,1,1,Twelve,5,1500,12,M K,,,,
388,1,1,Twelve,5,1600,3,D X,,,,
389,1,1,Twelve,5,1600,10,G N R T,,,,
390,1,1,Twelve,5,1600,10,F J,,,,
391,1,1,Twelve,5,1600,12,S K M,,,,
392,1,1,Twelve,5,1700,10,G H J R W N,,,,
393,1,1,Twelve,5,1700,11,B O U,,,,
394,1,1,Twelve,5,1700,12,S K M,,,,
395,1,1,Twelve,6,900,7,A L V,,,,
396,1,1,Twelve,6,900,10,B G D R T W N,,,,
397,1,1,Twelve,6,900,12,S M K,,,,
398,1,1,Twelve,6,1000,10,B G N R W,,,,
399,1,1,Twelve,6,1000,12,M K,,,,
400,1,1,Twelve,6,1100,1,E H,,,,
401,1,1,Twelve,6,1100,10,G N R W,,,,
402,1,1,Twelve,6,1100,10,B D T,,,,
403,1,1,Twelve,6,1100,12,K I,,,,
404,1,1,Twelve,6,1200,7,P L,,,,
405,1,1,Twelve,6,1200,10,B D G N R T W,,,,
406,1,1,Twelve,6,1200,12,I S,,,,
407,1,1,Twelve,6,1300,7,P L,,,,
408,1,1,Twelve,6,1300,10,N R T W,,,,
409,1,1,Twelve,6,1300,10,D F G,,,,
410,1,1,Twelve,6,1300,12,I M,,,,
411,1,1,Twelve,6,1400,1,E H ,,,,
412,1,1,Twelve,6,1400,7,P L,,,,
413,1,1,Twelve,6,1400,10,D G N R T W,,,,
414,1,1,Twelve,6,1400,11,U J,,,,
415,1,1,Twelve,6,1400,12,I K,,,,
416,1,1,Twelve,6,1500,7,A L P,,,,
417,1,1,Twelve,6,1500,10,D G N R T W X,,,,
418,1,1,Twelve,6,1500,12,K I,,,,
419,1,1,Twelve,6,1600,1,E H,,,,
420,1,1,Twelve,6,1600,7,A L P V,,,,
421,1,1,Twelve,6,1600,10,D G N R T W X S,,,,
422,1,1,Twelve,6,1600,12,I K,,,,
423,1,1,Twelve,6,1700,7,A L P,,,,
424,1,1,Twelve,6,1700,10,B D G N R S T W S,,,,
425,1,1,Twelve,6,1700,11,O J,,,,
426,1,1,Twelve,6,1700,12,I K,,,,
427,2,1,Two,1,900,1,A I O Q S,,,,
428,2,1,Two,1,900,1,K D,,,,
429,2,1,Two,1,900,2,X C F N P U W J G M L R H E,,,,
430,2,1,Two,1,1000,1,B O I Q A,,,,
431,2,1,Two,1,1000,1,S K D,,,,
432,2,1,Two,1,1000,2,X M C F G J R,,,,
433,2,1,Two,1,1100,1,A D,,,,
434,2,1,Two,1,1100,2,X R M G F C,,,,
435,2,1,Two,1,1100,Outside,E Q ,,,,
436,2,1,Two,1,1200,2,O G R M,,,,
437,2,1,Two,1,1200,2,K L C,,,,
438,2,1,Two,1,1300,1,F A X,,,,
439,2,1,Two,1,1400,1,L I P,,,,
440,2,1,Two,1,1400,1,B S,,,,
441,2,1,Two,1,1500,1,H I,,,,
442,2,1,Two,1,1500,2,D S,,,,
443,2,1,Two,1,1500,2,E F,,,,
444,2,1,Two,1,1700,1,B C G V ,,,,
445,2,1,Two,2,900,1,R N A M I U W ,2 more unidentified,,,
446,2,1,Two,2,900,1,P,1 more unidentified,,,
447,2,1,Two,2,900,2,X G O E V F D S J Q H,,,,
448,2,1,Two,2,1000,1,R N A I U M W,2 more unidentified,,,
449,2,1,Two,2,1000,1,P,1 more unidentified,,,
450,2,1,Two,2,1000,2,X G O E V F J D S Q H,,,,
451,2,1,Two,2,1100,1,R M A U N K L W ,,,,
452,2,1,Two,2,1100,1,I P,,,,
453,2,1,Two,2,1100,2,X D O S H G V Q J,,,,
454,2,1,Two,2,1100,Outside,B C,,,,
455,2,1,Two,2,1200,1,F R N M A L W K,,,,
456,2,1,Two,2,1200,2,E D H S V O G,,,,
457,2,1,Two,2,1300,1,A I W K F R M N L,,,,
458,2,1,Two,2,1300,1,B C,,,,
459,2,1,Two,2,1300,2,X H V O E D G,,,,
460,2,1,Two,2,1400,1,A C R I L M N K W,,,,
461,2,1,Two,2,1400,2,O G S D V X,,,,
462,2,1,Two,2,1500,1,R A N M K W L,,,,
463,2,1,Two,2,1500,1,X P,,,,
464,2,1,Two,2,1500,2,H O S D V,,,,
465,2,1,Two,2,1600,1,R N K X M W L I,,,,
466,2,1,Two,2,1600,2,D O S V,,,,
467,2,1,Two,2,1700,1,I A M R K X W N L,,,,
468,2,1,Two,2,1700,1,F P T,,,,
469,2,1,Two,2,1700,2,G S O V,,,,
470,2,1,Two,3,900,1,I R T K X A U M W L N,,,,
471,2,1,Two,3,900,2,D E,,,,
472,2,1,Two,3,900,2,O Q V J C S B ,,,,
473,2,1,Two,3,900,2,G H,,,,
474,2,1,Two,3,1000,1,X L W K A M N R T U I,,,,
475,2,1,Two,3,1000,2,D E,,,,
476,2,1,Two,3,1000,2,G H,,,,
477,2,1,Two,3,1000,2,O Q S V,,,,
478,2,1,Two,3,1100,1,A M U I W K X R T,,,,
479,2,1,Two,3,1100,2,C D,,,,
480,2,1,Two,3,1100,2,G H,,,,
481,2,1,Two,3,1100,2,O Q S V,,,,
482,2,1,Two,3,1200,1,A M W K U I X N R T,,,,
483,2,1,Two,3,1200,2,C D E,,,,
484,2,1,Two,3,1200,2,G H,,,,
485,2,1,Two,3,1200,2,O Q S V,,,,
486,2,1,Two,3,1300,1,A K M W X L N R U T F I,,,,
487,2,1,Two,3,1300,2,B D E,,,,
488,2,1,Two,3,1300,2,G S V,,,,
489,2,1,Two,3,1400,1,O X,,,,
490,2,1,Two,3,1400,1,A M K L I R T,,,,
491,2,1,Two,3,1400,2,S V C,,,,
492,2,1,Two,3,1500,1,M A L W R T I,,,,
493,2,1,Two,3,1500,1,O X G,,,,
494,2,1,Two,3,1500,2,B D H,,,,
495,2,1,Two,3,1500,2,P S V F,,,,
496,2,1,Two,3,1600,1,A G,,,,
497,2,1,Two,3,1600,1,L X R T,,,,
498,2,1,Two,3,1600,1,E I K,,,,
499,2,1,Two,3,1600,2,F S,,,,
500,2,1,Two,3,1600,2,B N P,,,,
501,2,1,Two,3,1700,1,N X H R,,,,
502,2,1,Two,3,1700,1,M A D E K,,,,
503,2,1,Two,3,1700,2,B P,,,,
504,2,1,Two,3,1700,2,Q S W,,,,
505,2,1,Two,4,900,1,I U R X,,,,
506,2,1,Two,4,900,1,L C N T,,,,
507,2,1,Two,4,900,1,A D E G J K V,,,,
508,2,1,Two,4,900,2,B P,,,,
509,2,1,Two,4,900,2,F,1 more unidentified,,,
510,2,1,Two,4,900,2,S M H ,1 more unidentified,,,
511,2,1,Two,4,1000,1,I C K,,,,
512,2,1,Two,4,1000,1,G ,1 more unidentified,,,
513,2,1,Two,4,1000,1,E V,,,,
514,2,1,Two,4,1000,1,A R U,,,,
515,2,1,Two,4,1000,2,M ,1 more unidentified,,,
516,2,1,Two,4,1000,2,F ,1 more unidentified,,,
517,2,1,Two,4,1100,1,C G P R,,,,
518,2,1,Two,4,1100,1,D E,,,,
519,2,1,Two,4,1100,2,M,1 more unidentified,,,
520,2,1,Two,4,1100,2,F,1 more unidentified,,,
521,2,1,Two,4,1100,Outside,H I ,,,,
522,2,1,Two,4,1200,1,D E G V,,,,
523,2,1,Two,4,1200,1,U X A L,,,,
524,2,1,Two,4,1300,1,X L ,,,,
525,2,1,Two,4,1300,2,O H,,,,
526,2,1,Two,4,1300,2,F I,,,,
527,2,1,Two,4,1300,2,P Q,,,,
528,2,1,Two,4,1400,1,K L A C D E X,,,,
529,2,1,Two,4,1400,2,P Q,,,,
530,2,1,Two,4,1400,2,F S,,,,
531,2,1,Two,4,1400,2,U G,,,,
532,2,1,Two,4,1500,1,A K X L C O D R,,,,
533,2,1,Two,4,1500,2,P W,,,,
534,2,1,Two,4,1600,1,J L,,,,
535,2,1,Two,4,1600,1,G X,,,,
536,2,1,Two,4,1600,1,D M ,,,,
537,2,1,Two,4,1600,1,T C,,,,
538,2,1,Two,4,1600,2,P W,,,,
539,2,1,Two,4,1600,2,B Q S,,,,
540,2,1,Two,4,1700,1,I J L,,,,
541,2,1,Two,4,1700,1,D G H V X,,,,
542,2,1,Two,4,1700,2,N U R,,,,
543,2,1,Two,4,1700,2,K F,,,,
544,2,1,Two,4,1700,2,B Q S,,,,
545,2,1,Two,4,1700,2,P W,,,,
546,2,1,Two,5,900,1,C I M,,,,
547,2,1,Two,5,900,1,A D E G O R V J X,,,,
548,2,1,Two,5,900,2,H P Q,,,,
549,2,1,Two,5,900,2,B N W K S T U F,,,,
550,2,1,Two,5,1000,1,O X G,,,,
551,2,1,Two,5,1000,1,D V,,,,
552,2,1,Two,5,1000,1,M A C I R,,,,
553,2,1,Two,5,1000,2,H P,,,,
554,2,1,Two,5,1100,1,C I ,,,,
555,2,1,Two,5,1100,2,F K O,,,,
556,2,1,Two,5,1200,1,A C I X,,,,
557,2,1,Two,5,1200,2,H K ,,,,
558,2,1,Two,5,1200,2,Q U G,,,,
559,2,1,Two,5,1300,1,L I,,,,
560,2,1,Two,5,1300,1,D F,,,,
561,2,1,Two,5,1300,1,E G,,,,
562,2,1,Two,5,1400,Outside,A M,,,,
563,2,1,Two,5,1500,2,C D J,,,,
564,2,1,Two,5,1600,1,C A R,,,,
565,2,1,Two,5,1600,1,I D,,,,
566,2,1,Two,5,1600,1,N S F,,,,
567,2,1,Two,5,1700,1,L C V,,,,
568,2,1,Two,5,1700,1,A E I Q S W,,,,
569,2,1,Two,5,1700,1,B D F M N U,,,,
570,2,1,Two,6,900,1,D E F I M Q T U,,,,
571,2,1,Two,6,900,1,B C G N O S L W P A R V,,,,
572,2,1,Two,6,900,2,M K,,,,
573,2,1,Two,6,900,2,J X,,,,
574,2,1,Two,6,1000,1,C F O R N P S V E G I A W,,,,
575,2,1,Two,6,1000,1,Q T,,,,
576,2,1,Two,6,1000,2,H K ,,,,
577,2,1,Two,6,1000,2,J X,,,,
578,2,1,Two,6,1100,1,U Q T I W,,,,
579,2,1,Two,6,1100,1,A B C N O P M R V,,,,
580,2,1,Two,6,1100,2,X J,,,,
581,2,1,Two,6,1100,2,H K ,,,,
582,2,1,Two,6,1100,Outside,F G,,,,
583,2,1,Two,6,1200,1,D F P R G L O U V N A,,,,
584,2,1,Two,6,1200,1,Q S T C I W M,,,,
585,2,1,Two,6,1200,2,H K ,,,,
586,2,1,Two,6,1300,1,W M F I O Q T,,,,
587,2,1,Two,6,1300,1,N P R U V C,,,,
588,2,1,Two,6,1300,2,K H,,,,
589,2,1,Two,6,1300,2,J X,,,,
590,2,1,Two,6,1300,Outside,A D G,,,,
591,2,1,Two,6,1400,1,N R L ,,,,
592,2,1,Two,6,1400,1,A F P,,,,
593,2,1,Two,6,1400,1,C I T U V W M Q,,,,
594,2,1,Two,6,1400,2,O K,,,,
595,2,1,Two,6,1500,1,N R,,,,
596,2,1,Two,6,1500,1,D E G A,,,,
597,2,1,Two,6,1500,1,F P,,,,
598,2,1,Two,6,1500,1,W M C Q I T U V,,,,
599,2,1,Two,6,1500,2,J H K,,,,
600,2,1,Two,6,1600,1,N R F,,,,
601,2,1,Two,6,1600,1,U I W M T V D E,,,,
602,2,1,Two,6,1600,2,J B K,,,,
603,2,1,Two,6,1700,1,P R,,,,
604,2,1,Two,6,1700,1,N F L,,,,
605,2,1,Two,6,1700,1,C D E G I M Q T U V W,,,,
606,2,1,Two,6,1700,2,O K H J,,,,
607,3,2,Twelve,1,900,1,O Q R G,,,,
608,3,2,Twelve,1,900,3,X S,,,,
609,3,2,Twelve,1,900,7,E H W,,,,
610,3,2,Twelve,1,900,8,M N,,,,
611,3,2,Twelve,1,900,9,L C,,,,
612,3,2,Twelve,1,900,10,U B ,,,,
613,3,2,Twelve,1,900,11,J I,,,,
614,3,2,Twelve,1,1000,1,O G Q R,,,,
615,3,2,Twelve,1,1000,9,L C D,,,,
616,3,2,Twelve,1,1000,11,F I G,,,,
617,3,2,Twelve,1,1100,1,O Q R,,,,
618,3,2,Twelve,1,1100,7,C H,,,,
619,3,2,Twelve,1,1100,9,D T,,,,
620,3,2,Twelve,1,1200,1,O Q R,,,,
621,3,2,Twelve,1,1200,1,X G,,,,
622,3,2,Twelve,1,1200,7,C W,,,,
623,3,2,Twelve,1,1200,8,E J V,,,,
624,3,2,Twelve,1,1300,1,Q R G,,,,
625,3,2,Twelve,1,1500,2,F U,,,,
626,3,2,Twelve,1,1600,1,K L G,,,,
627,3,2,Twelve,1,1600,3,O E,,,,
628,3,2,Twelve,2,900,2,W K H,,,,
629,3,2,Twelve,2,900,3,E I J,,,,
630,3,2,Twelve,2,900,3,F X M,,,,
631,3,2,Twelve,2,900,4,S U,,,,
632,3,2,Twelve,2,900,5,N L Q,,,,
633,3,2,Twelve,2,900,8,C P ,,,,
634,3,2,Twelve,2,900,10,R O,,,,
635,3,2,Twelve,2,1000,2,K W,,,,
636,3,2,Twelve,2,1000,3,F M X,,,,
637,3,2,Twelve,2,1000,4,S U,,,,
638,3,2,Twelve,2,1000,5,L N,,,,
639,3,2,Twelve,2,1000,8,C P,,,,
640,3,2,Twelve,2,1100,3,F M,,,,
641,3,2,Twelve,2,1100,3,V E,,,,
642,3,2,Twelve,2,1100,3,J X,,,,
643,3,2,Twelve,2,1100,4,S U,,,,
644,3,2,Twelve,2,1100,5,N L,,,,
645,3,2,Twelve,2,1200,3,M J,,,,
646,3,2,Twelve,2,1200,3,E V,,,,
647,3,2,Twelve,2,1200,4,G S U,,,,
648,3,2,Twelve,2,1200,5,L N,,,,
649,3,2,Twelve,2,1300,3,E M J,,,,
650,3,2,Twelve,2,1300,4,S U,,,,
651,3,2,Twelve,2,1300,10,O R,,,,
652,3,2,Twelve,2,1400,2,K X,,,,
653,3,2,Twelve,2,1400,3,E J,,,,
654,3,2,Twelve,2,1400,4,S U G,,,,
655,3,2,Twelve,2,1400,7,X T,,,,
656,3,2,Twelve,2,1400,10,R O,,,,
657,3,2,Twelve,2,1500,2,K W,,,,
658,3,2,Twelve,2,1500,3,E J,,,,
659,3,2,Twelve,2,1500,4,S U G,,,,
660,3,2,Twelve,2,1500,10,R O,,,,
661,3,2,Twelve,2,1600,3,E J,,,,
662,3,2,Twelve,2,1600,4,S U,,,,
663,3,2,Twelve,2,1600,10,R T,,,,
664,3,2,Twelve,2,1700,3,E J,,,,
665,3,2,Twelve,2,1700,4,S U G W O,,,,
666,3,2,Twelve,2,1700,10,P R T,,,,
667,3,2,Twelve,3,900,3,E M,,,,
668,3,2,Twelve,3,900,4,S U G O,,,,
669,3,2,Twelve,3,900,5,D L,,,,
670,3,2,Twelve,3,900,10,P R T,,,,
671,3,2,Twelve,3,1000,3,M E,,,,
672,3,2,Twelve,3,1000,4,S U G O,,,,
673,3,2,Twelve,3,1000,5,L D,,,,
674,3,2,Twelve,3,1000,10,P T,,,,
675,3,2,Twelve,3,1100,4,S U G O,,,,
676,3,2,Twelve,3,1200,4,S U G,,,,
677,3,2,Twelve,3,1300,3,L E,,,,
678,3,2,Twelve,3,1300,4,S U G,,,,
679,3,2,Twelve,3,1300,10,R T,,,,
680,3,2,Twelve,3,1500,7,B E F,,,,
681,3,2,Twelve,3,1500,10,D W,,,,
682,3,2,Twelve,3,1600,7,R H E,,,,
683,3,2,Twelve,3,1600,7,B F,,,,
684,3,2,Twelve,3,1600,10,C D,,,,
685,3,2,Twelve,3,1600,10,N W,,,,
686,3,2,Twelve,3,1700,1,F G,,,,
687,3,2,Twelve,3,1700,3,I J W,,,,
688,3,2,Twelve,3,1700,5,M U,,,,
689,3,2,Twelve,3,1700,7,E Q S,,,,
690,3,2,Twelve,3,1700,10,N D,,,,
691,3,2,Twelve,3,1700,10,L C,,,,
692,3,2,Twelve,4,900,2,M S,,,,
693,3,2,Twelve,4,900,5,O D,,,,
694,3,2,Twelve,4,900,10,K R,,,,
695,3,2,Twelve,4,900,10,C N,,,,
696,3,2,Twelve,4,1000,2,S M,,,,
697,3,2,Twelve,4,1000,5,O D,,,,
698,3,2,Twelve,4,1000,10,K R,,,,
699,3,2,Twelve,4,1100,1,F B,,,,
700,3,2,Twelve,4,1100,2,S M,,,,
701,3,2,Twelve,4,1100,5,O D,,,,
702,3,2,Twelve,4,1100,10,K R,,,,
703,3,2,Twelve,4,1200,1,B G,,,,
704,3,2,Twelve,4,1200,2,M S,,,,
705,3,2,Twelve,4,1200,5,O D,,,,
706,3,2,Twelve,4,1300,2,M S,,,,
707,3,2,Twelve,4,1300,5,O D,,,,
708,3,2,Twelve,4,1300,10,K L C,,,,
709,3,2,Twelve,4,1400,2,M S,,,,
710,3,2,Twelve,4,1400,5,O D,,,,
711,3,2,Twelve,4,1400,10,N R K,,,,
712,3,2,Twelve,4,1400,10,L C,,,,
713,3,2,Twelve,4,1500,1,B G,,,,
714,3,2,Twelve,4,1500,2,M S,,,,
715,3,2,Twelve,4,1500,8,E T,,,,
716,3,2,Twelve,4,1500,10,L C,,,,
717,3,2,Twelve,4,1500,10,R N,,,,
718,3,2,Twelve,4,1600,1,W B G,,,,
719,3,2,Twelve,4,1600,10,K C,,,,
720,3,2,Twelve,4,1600,10,N E,,,,
721,3,2,Twelve,4,1700,1,B G F,,,,
722,3,2,Twelve,4,1700,2,M S,,,,
723,3,2,Twelve,4,1700,8,I Q,,,,
724,3,2,Twelve,4,1700,9,W V,,,,
725,3,2,Twelve,4,1700,10,C P,,,,
726,3,2,Twelve,4,1700,10,E N K,,,,
727,3,2,Twelve,5,900,1,B G,,,,
728,3,2,Twelve,5,900,2,S M,,,,
729,3,2,Twelve,5,900,3,H Q,,,,
730,3,2,Twelve,5,900,8,T W,,,,
731,3,2,Twelve,5,900,8,I J P,,,,
732,3,2,Twelve,5,900,10,N K,,,,
733,3,2,Twelve,5,1000,1,B G,,,,
734,3,2,Twelve,5,1000,2,S M,,,,
735,3,2,Twelve,5,1000,3,Q H,,,,
736,3,2,Twelve,5,1000,8,P I,,,,
737,3,2,Twelve,5,1100,2,S M,,,,
738,3,2,Twelve,5,1100,3,Q H,,,,
739,3,2,Twelve,5,1100,8,P W,,,,
740,3,2,Twelve,5,1100,10,E N K,,,,
741,3,2,Twelve,5,1200,2,M S,,,,
742,3,2,Twelve,5,1200,3,Q H,,,,
743,3,2,Twelve,5,1200,10,N E K,,,,
744,3,2,Twelve,5,1300,2,M S,,,,
745,3,2,Twelve,5,1300,10,C K,,,,
746,3,2,Twelve,5,1500,8,C F,,,,
747,3,2,Twelve,5,1600,1,E G,,,,
748,3,2,Twelve,5,1600,9,F J,,,,
749,3,2,Twelve,5,1700,7,K W,,,,
750,3,2,Twelve,5,1700,9,Q F,,,,
751,3,2,Twelve,5,1700,12,I U,,,,
752,3,2,Twelve,6,900,3,L N,,,,
753,3,2,Twelve,6,900,5,X D,,,,
754,3,2,Twelve,6,900,8,C K,,,,
755,3,2,Twelve,6,900,9,E J,,,,
756,3,2,Twelve,6,900,11,Q F,,,,
757,3,2,Twelve,6,1000,3,L N,,,,
758,3,2,Twelve,6,1000,8,C K,,,,
759,3,2,Twelve,6,1000,11,S T,,,,
760,3,2,Twelve,6,1000,11,F Q,,,,
761,3,2,Twelve,6,1100,11,Q F,,,,
762,3,2,Twelve,6,1200,5,X D H,,,,
763,3,2,Twelve,6,1200,8,K C J,,,,
764,3,2,Twelve,6,1200,11,Q F,,,,
765,3,2,Twelve,6,1300,5,X D H,,,,
766,3,2,Twelve,6,1300,8,K C,,,,
767,3,2,Twelve,6,1300,11,F Q,,,,
768,3,2,Twelve,6,1400,1,W E,,,,
769,3,2,Twelve,6,1400,5,X D H,,,,
770,3,2,Twelve,6,1400,11,T F S,,,,
771,3,2,Twelve,6,1500,2,Q V,,,,
772,3,2,Twelve,6,1500,5,D H,,,,
773,3,2,Twelve,6,1500,8,I U,,,,
774,3,2,Twelve,6,1500,11,S T F,,,,
775,3,2,Twelve,6,1600,5,X D H,,,,
776,3,2,Twelve,6,1600,11,E T,,,,
777,3,2,Twelve,6,1700,5,Q X D H,,,,
778,4,2,Two,1,900,1,A W,,,,
779,4,2,Two,1,900,2,E H I Q,,,,
780,4,2,Two,1,900,Outside,L C B F J R N,,,,
781,4,2,Two,1,1000,2,C H ,,,,
782,4,2,Two,1,1000,2,E I,,,,
783,4,2,Two,1,1000,Outside,A F B,,,,
784,4,2,Two,1,1100,1,J M,,,,
785,4,2,Two,1,1100,2,C I,,,,
786,4,2,Two,1,1100,Outside,R B,,,,
787,4,2,Two,1,1200,1,M S,,,,
788,4,2,Two,1,1200,1,D J,,,,
789,4,2,Two,1,1200,2,C I,,,,
790,4,2,Two,1,1300,1,W C,,,,
791,4,2,Two,1,1300,2,K P,,,,
792,4,2,Two,1,1400,1,L C,,,,
793,4,2,Two,1,1400,1,A S,,,,
794,4,2,Two,1,1400,Outside,G R,,,,
795,4,2,Two,1,1400,Outside,Q F,,,,
796,4,2,Two,1,1500,1,E F H,,,,
797,4,2,Two,1,1500,1,A C,,,,
798,4,2,Two,1,1600,1,L C E,,,,
799,4,2,Two,1,1700,1,I M P W,,,,
800,4,2,Two,2,900,1,A F L O V,,,,
801,4,2,Two,2,900,2,G H,,,,
802,4,2,Two,2,900,2,E B M X D P R J I S N W T U C,,,,
803,4,2,Two,2,1000,1,A F L O V,,,,
804,4,2,Two,2,1000,2,G H,,,,
805,4,2,Two,2,1000,2,P R I J S E M B L W T U C,,,,
806,4,2,Two,2,1100,1,V C A L O ,,,, 
807,4,2,Two,2,1100,1,K F,,,,
808,4,2,Two,2,1100,2,G J ,,,,
809,4,2,Two,2,1100,2,P W,,,,
810,4,2,Two,2,1100,2,E I,,,,
811,4,2,Two,2,1100,2,M N T S,,,,
812,4,2,Two,2,1200,1,O C A V L,,,,
813,4,2,Two,2,1200,1,K F,,,,
814,4,2,Two,2,1200,2,P W,,,,
815,4,2,Two,2,1200,2,G S E I N M,,,,
816,4,2,Two,2,1300,1,C O V A,,,,
817,4,2,Two,2,1300,1,K F L,,,,
818,4,2,Two,2,1300,2,G I J,,,,
819,4,2,Two,2,1300,2,P W E H S N M,,,,
820,4,2,Two,2,1400,1,C K,,,,
821,4,2,Two,2,1400,1,F A,,,,
822,4,2,Two,2,1400,2,I J,,,,
823,4,2,Two,2,1400,2,N S,,,,
824,4,2,Two,2,1400,2,L P M E G W,,,,
825,4,2,Two,2,1500,1,K A F,,,,
826,4,2,Two,2,1500,2,G J ,,,,
827,4,2,Two,2,1500,2,P W M S I N,,,,
828,4,2,Two,2,1600,1,C R V,,,,
829,4,2,Two,2,1600,1,A F,,,,
830,4,2,Two,2,1600,2,P W J N E M I L,,,,
831,4,2,Two,2,1700,1,A S V,,,,
832,4,2,Two,2,1700,2,J P W E I O N M,,,,
833,4,2,Two,2,1700,Outside,B D H X T,,,,
834,4,2,Two,3,900,1,V D,,,,
835,4,2,Two,3,900,1,S C,,,,
836,4,2,Two,3,900,1,O A K,,,,
837,4,2,Two,3,900,2,U G,,,,
838,4,2,Two,3,900,2,B N L X H T P I J R W E M,,,,
839,4,2,Two,3,1000,1,S C,,,,
840,4,2,Two,3,1000,1,O A,,,,
841,4,2,Two,3,1000,2,G I,,,,
842,4,2,Two,3,1000,2,W N H M L P,,,,
843,4,2,Two,3,1100,1,F A K,,,,
844,4,2,Two,3,1100,1,S C,,,,
845,4,2,Two,3,1100,2,Q G,,,,
846,4,2,Two,3,1100,2,P H J I W M N,,,,
847,4,2,Two,3,1200,1,K F C,,,,
848,4,2,Two,3,1200,2,Q G J,,,,
849,4,2,Two,3,1200,2,P H W I M N,,,,
850,4,2,Two,3,1200,Outside,L E,,,,
851,4,2,Two,3,1300,1,C F O A,,,,
852,4,2,Two,3,1300,2,Q J G,,,,
853,4,2,Two,3,1300,2,M N I H W P,,,,
854,4,2,Two,3,1300,Outside,E L B,,,,
855,4,2,Two,3,1400,1,V S K,,,,
856,4,2,Two,3,1400,2,Q J,,,,
857,4,2,Two,3,1400,2,C E,,,,
858,4,2,Two,3,1400,2,H N W U,,,,
859,4,2,Two,3,1500,2,E I J L H,,,,
860,4,2,Two,3,1500,2,C N X U,,,,
861,4,2,Two,3,1600,1,A H,,,,
862,4,2,Two,3,1600,2,N B M R U F L K,,,,
863,4,2,Two,3,1700,2,N C K S J B E T I R W X U M F P,,,,
864,4,2,Two,4,900,1,D A,,,,
865,4,2,Two,4,900,2,B C E F G H I J L M N O P Q R S T U V W X,,,,
866,4,2,Two,4,1000,2,B C E F H I L M N O P Q R S T U V W X,,,,
867,4,2,Two,4,1100,2,K C,,,,
868,4,2,Two,4,1100,2,F J L N O P Q R S T U V X,,,,
869,4,2,Two,4,1200,2,B C E F J L O P Q R S T U V W X,,,,
870,4,2,Two,4,1300,2,O B L R C Q T D U S F V X,,,,
871,4,2,Two,4,1400,1,D I,,,,
872,4,2,Two,4,1400,2,B C V,,,,
873,4,2,Two,4,1400,2,P R E L U S F X T,,,,
874,4,2,Two,4,1500,1,I A,,,,
875,4,2,Two,4,1500,2,V B,,,,
876,4,2,Two,4,1500,2,K H V,,,,
877,4,2,Two,4,1500,2,T R P U X F S G E L C,,,,
878,4,2,Two,4,1600,1,I D A,,,,
879,4,2,Two,4,1600,2,J R K ,,,,
880,4,2,Two,4,1600,2,P B T F U S V E C X ,,,,
881,4,2,Two,4,1700,1,A D,,,,
882,4,2,Two,4,1700,2,S B P V E F J R X U T L,,,,
883,4,2,Two,5,900,1,J D,,,,
884,4,2,Two,5,900,2,Q K,,,,
885,4,2,Two,5,900,2,T P X O B E C U L R U H S N W F,,,,
886,4,2,Two,5,1000,1,D I,,,,
887,4,2,Two,5,1000,2,L P R E C B,,,,
888,4,2,Two,5,1000,2,K V M,,,,
889,4,2,Two,5,1100,1,A D,,,,
890,4,2,Two,5,1100,2,L E F,,,,
891,4,2,Two,5,1100,2,R T B C P S ,,,,
892,4,2,Two,5,1100,2,W U V K,,,,
893,4,2,Two,5,1200,1,D G J,,,,
894,4,2,Two,5,1200,2,L V,,,,
895,4,2,Two,5,1200,2,F S T U,,,,
896,4,2,Two,5,1300,1,A D,,,,
897,4,2,Two,5,1300,2,B C E,,,,
898,4,2,Two,5,1300,2,F L,,,,
899,4,2,Two,5,1400,1,D T,,,,
900,4,2,Two,5,1400,2,J A C S L F E B,,,,
901,4,2,Two,5,1500,2,J L,,,,
902,4,2,Two,5,1500,2,E F A,,,,
903,4,2,Two,5,1500,2,N H B M U C T,,,,
904,4,2,Two,5,1500,Outside,P I S,,,,
905,4,2,Two,5,1600,2,N W H F L T S G Q M U,,,,
906,4,2,Two,5,1700,1,K D,,,,
907,4,2,Two,5,1700,2,J A M B W N C P U E Q F H T S,,,,
908,4,2,Two,6,900,2,J V R E,,,,
909,4,2,Two,6,900,2,A B C G H I K L M N O Q S T U W X,,,,
910,4,2,Two,6,1000,2,V H I P B,,,,
911,4,2,Two,6,1000,2,E K R V,,,,
912,4,2,Two,6,1000,2,W X S,,,,
913,4,2,Two,6,1000,2,C L S M N T U J,,,,
914,4,2,Two,6,1100,2,A B C E G H I K L M N P S T U V W X,,,,
915,4,2,Two,6,1200,2,L I,,,,
916,4,2,Two,6,1200,2,A B C E G H J K M N P S T U V W,,,,
917,4,2,Two,6,1300,2,A B C E G H J K M N P S T U V W,,,,
918,4,2,Two,6,1400,2,A B C H I J K L M N T U V W,,,,
919,4,2,Two,6,1500,1,D F,,,,
920,4,2,Two,6,1500,2,A B C E H I K L M N Q S T U V W,,,,
921,4,2,Two,6,1600,1,D F G,,,,
922,4,2,Two,6,1600,2,A B C E H I J K L M N Q S T U V W,,,,
923,4,2,Two,6,1700,1,R F G,,,,
924,4,2,Two,6,1700,2,A B C E H K L M N O P Q S T U V W,,,,
925,5,3,Two,1,900,1,B E,,,,
926,5,3,Two,1,900,1,M Q,,,,
927,5,3,Two,1,900,1,N C V S T L J,,,,
928,5,3,Two,1,900,2,G K,,,,
929,5,3,Two,1,1000,1,Q T,,,,
930,5,3,Two,1,1000,Outside,W G,,,,
931,5,3,Two,1,1100,1,B G E,,,,
932,5,3,Two,1,1100,1,V F,,,,
933,5,3,Two,1,1200,1,B F G E,,,,
934,5,3,Two,1,1200,Outside,C L,,,,
935,5,3,Two,1,1300,1,E B F G,,,,
936,5,3,Two,1,1400,1,D Q,,,,
937,5,3,Two,1,1400,1,K T X,,,,
938,5,3,Two,1,1400,Outside,N E G,,,,
939,5,3,Two,1,1500,1,C K,,,,
940,5,3,Two,1,1600,1,H K,,,,
941,5,3,Two,1,1600,1,V G,I removed due to behavioural/physical abnormality,,,
942,5,3,Two,1,1600,2,O E,,,,
943,5,3,Two,1,1700,1,V G M K,,,,
944,5,3,Two,2,900,1,G O D,,,,
945,5,3,Two,2,900,1,J V R,,,,
946,5,3,Two,2,900,1,K M F W,,,,
947,5,3,Two,2,900,2,U C Q P N L S H X E T,I removed due to behavioural/physical abnormality,,,
948,5,3,Two,2,1000,1,G O D,,,,
949,5,3,Two,2,1000,1,F K W M,,,,
950,5,3,Two,2,1000,1,V J R,,,,
951,5,3,Two,2,1000,2,Q U C P A S N T H,,,,
952,5,3,Two,2,1000,2,B L X,,,,
953,5,3,Two,2,1100,1,O F K W G D M,,,,
954,5,3,Two,2,1100,2,L B X,,,,
955,5,3,Two,2,1100,2,T U A C H P S N Q,,,,
956,5,3,Two,2,1200,1,V F K J W O D G M,,,,
957,5,3,Two,2,1200,2,H P U S A Q C N T,,,,
958,5,3,Two,2,1300,1,M J O D W V,,,,
959,5,3,Two,2,1300,2,E X,,,,
960,5,3,Two,2,1300,2,C Q N S A P U H L T,,,,
961,5,3,Two,2,1300,Outside,F K,,,,
962,5,3,Two,2,1400,1,G K,,,,
963,5,3,Two,2,1400,1,O J D V F M W,,,,
964,5,3,Two,2,1400,2,H L U P A Q N C S T,,,,
965,5,3,Two,2,1500,1,D F M W,,,,
966,5,3,Two,2,1500,2,N Q,,,,
967,5,3,Two,2,1500,2,L A P S C T,,,,
968,5,3,Two,2,1600,1,V F M D,,,,
969,5,3,Two,2,1600,2,A E R N Q L C P S U T K,,,,
970,5,3,Two,2,1700,1,V J M F G D W U,,,,
971,5,3,Two,2,1700,2,H P K N R C Q A L B,,,,
972,5,3,Two,2,1700,2,E X,,,,
973,5,3,Two,3,900,1,G D J V B W M F,,,,
974,5,3,Two,3,900,2,U R C P S E K L Q A X N T O,I removed due to behavioural/physical abnormality,,,
975,5,3,Two,3,1000,1,V B G,,,,
976,5,3,Two,3,1000,1,J D W M,,,,
977,5,3,Two,3,1000,2,Q H S L X E A U N C P O T,I removed due to behavioural/physical abnormality,,,
978,5,3,Two,3,1100,1,B D,,,,
979,5,3,Two,3,1100,1,J V G W K M O,,,,
980,5,3,Two,3,1100,2,X L P U S T,,,,
981,5,3,Two,3,1100,2,E H,,,,
982,5,3,Two,3,1100,2,A N C,,,,
983,5,3,Two,3,1200,1,D J,,,,
984,5,3,Two,3,1200,1,V W M,,,,
985,5,3,Two,3,1200,2,C A T E N X L S U,,,,
986,5,3,Two,3,1300,1,D J V M W,,,,
987,5,3,Two,3,1300,2,H L X S E N K U ,1 unknown,,,
988,5,3,Two,3,1400,1,T V M W,,,,
989,5,3,Two,3,1400,2,C F,,,,
990,5,3,Two,3,1400,2,X K S P E A H U L,,,,
991,5,3,Two,3,1500,1,Q T N J M,,,,
992,5,3,Two,3,1500,1,P D V,,,,
993,5,3,Two,3,1500,2,E C L,,,,
994,5,3,Two,3,1500,4,A X,,,,
995,5,3,Two,3,1500,Outside,U W,,,,
996,5,3,Two,3,1600,1,T P V O D M Q K N,,,,
997,5,3,Two,3,1600,2,L E,,,,
998,5,3,Two,3,1600,2,F X,,,,
999,5,3,Two,3,1700,1,T P V D M S N Q,,,,
1000,5,3,Two,3,1700,2,H B E X A F C,,,,
1001,5,3,Two,4,900,1,V T S D O N P M Q G,I removed due to behavioural/physical abnormality,,,
1002,5,3,Two,4,900,2,F R W H E B U C K X A L,,,,
1003,5,3,Two,4,1000,1,G M,,,,
1004,5,3,Two,4,1000,1,Q S O N P,I removed due to behavioural/physical abnormality,,,
1005,5,3,Two,4,1000,2,K W U F E B R L A X H C,,,,
1006,5,3,Two,4,1100,1,G T,,,,
1007,5,3,Two,4,1100,1,J Q P N O S F,,,,
1008,5,3,Two,4,1100,2,W H C L A E B U,,,,
1009,5,3,Two,4,1200,1,J G E,,,,
1010,5,3,Two,4,1200,1,P Q M D O T N,I removed due to behavioural/physical abnormality,,,
1011,5,3,Two,4,1200,2,C H F L X B,,,,
1012,5,3,Two,4,1200,2,A K,,,,
1013,5,3,Two,4,1300,1,M E J G,,,,
1014,5,3,Two,4,1300,1,Q P,,,,
1015,5,3,Two,4,1300,1,N T W,I removed due to behavioural/physical abnormality,,,
1016,5,3,Two,4,1300,2,L X C,,,,
1017,5,3,Two,4,1300,2,B F,,,,
1018,5,3,Two,4,1300,2,O A K H,,,,
1019,5,3,Two,4,1400,1,E O T M N Q,,,,
1020,5,3,Two,4,1400,2,L X C F,,,,
1021,5,3,Two,4,1400,2,A K B,,,,
1022,5,3,Two,4,1500,1,O E M P J Q T,,,,
1023,5,3,Two,4,1500,1,G D R,,,,
1024,5,3,Two,4,1500,2,F H X L C,,,,
1025,5,3,Two,4,1500,2,B K A,,,,
1026,5,3,Two,4,1600,1,R M N J D P O T Q E,,,,
1027,5,3,Two,4,1600,2,K L C,,,,
1028,5,3,Two,4,1600,2,H F X,,,,
1029,5,3,Two,4,1700,1,O D P M J N E Q T,,,,
1030,5,3,Two,4,1700,2,A W,,,,
1031,5,3,Two,4,1700,2,K X H F B L C,,,,
1032,5,3,Two,5,900,1,Q S U D P G E N J M,I removed due to behavioural/physical abnormality,,,
1033,5,3,Two,5,900,2,X W V U R,,,,
1034,5,3,Two,5,900,2,K C F L H B,,,,
1035,5,3,Two,5,1000,1,P E Q N O G ,,,,
1036,5,3,Two,5,1000,1,J T,,,,
1037,5,3,Two,5,1000,2,V K,,,,
1038,5,3,Two,5,1000,Outside,M D,I removed due to behavioural/physical abnormality,,,
1039,5,3,Two,5,1100,1,G J,,,,
1040,5,3,Two,5,1100,1,P Q E,,,,
1041,5,3,Two,5,1100,2,F L,,,,
1042,5,3,Two,5,1100,2,B C,,,,
1043,5,3,Two,5,1200,1,J D G Q,,,,
1044,5,3,Two,5,1200,2,B A,,,,
1045,5,3,Two,5,1200,2,C F,,,,
1046,5,3,Two,5,1300,1,A G J D,,,,
1047,5,3,Two,5,1300,2,K B,,,,
1048,5,3,Two,5,1400,1,D Q,,,,
1049,5,3,Two,5,1500,1,H S,,,,
1050,5,3,Two,5,1500,1,D J,,,,
1051,5,3,Two,5,1500,1,L O,,,,
1052,5,3,Two,5,1500,2,Q B N P,,,,
1053,5,3,Two,5,1600,1,N K P S L,,,,
1054,5,3,Two,5,1600,2,M O,,,,
1055,5,3,Two,5,1600,2,E F,,,,
1056,5,3,Two,5,1600,2,V U Q,,,,
1057,5,3,Two,5,1700,1,T L H B P N,,,,
1058,5,3,Two,5,1700,1,O V,,,,
1059,5,3,Two,5,1700,2,U W,,,,
1060,5,3,Two,5,1700,2,R J,,,,
1061,5,3,Two,6,900,1,T D U O N M P B H K V G S X,I removed due to behavioural/physical abnormality,,,
1062,5,3,Two,6,900,1,L A,,,,
1063,5,3,Two,6,900,2,F Q,,,,
1064,5,3,Two,6,900,2,R J W,,,,
1065,5,3,Two,6,1000,1,H V T P U S B N X,,,,
1066,5,3,Two,6,1000,1,G L,,,,
1067,5,3,Two,6,1000,1,K D,,,,
1068,5,3,Two,6,1000,2,Q W F,,,,
1069,5,3,Two,6,1100,1,X T,,,,
1070,5,3,Two,6,1100,1,H N ,I removed due to behavioural/physical abnormality,,,
1071,5,3,Two,6,1100,1,L B D G,,,,
1072,5,3,Two,6,1100,2,F J W,,,,
1073,5,3,Two,6,1200,1,X S,,,,
1074,5,3,Two,6,1200,1,T N,,,,
1075,5,3,Two,6,1200,1,G B L,,,,
1076,5,3,Two,6,1200,1,U H,,,,
1077,5,3,Two,6,1200,1,P O,,,,
1078,5,3,Two,6,1200,2,F W,,,,
1079,5,3,Two,6,1300,1,L G B,,,,
1080,5,3,Two,6,1300,1,T X N U,,,,
1081,5,3,Two,6,1300,1,P H S,,,,
1082,5,3,Two,6,1300,2,F W,,,,
1083,5,3,Two,6,1300,2,C E,,,,
1084,5,3,Two,6,1400,1,R H V N T B,,,,
1085,5,3,Two,6,1400,1,L S U,,,,
1086,5,3,Two,6,1400,1,O G X,,,,
1087,5,3,Two,6,1400,2,F W,,,,
1088,5,3,Two,6,1400,2,E C,,,,
1089,5,3,Two,6,1500,1,V T N O,,,,
1090,5,3,Two,6,1500,1,H K L B U,,,,
1091,5,3,Two,6,1500,2,E C,,,,
1092,5,3,Two,6,1500,2,F W,,,,
1093,5,3,Two,6,1600,1,H G V T N,,,,
1094,5,3,Two,6,1600,1,X S K B L U,,,,
1095,5,3,Two,6,1600,2,C D ,,,,
1096,5,3,Two,6,1600,2,F P W Q,,,,
1097,5,3,Two,6,1700,1,O N G L T V H,,,,
1098,5,3,Two,6,1700,1,B S X,,,,
1099,5,3,Two,6,1700,1,K U,,,,
1100,5,3,Two,6,1700,2,P W M E Q D F,,,,
1101,6,3,Twelve,1,900,3,A B M H,,,,
1102,6,3,Twelve,1,900,3,X U N O,,,,
1103,6,3,Twelve,1,900,4,I E,,,,
1104,6,3,Twelve,1,900,9,H D,,,,
1105,6,3,Twelve,1,900,Outside,L F W,,,,
1106,6,3,Twelve,1,1000,3,K B A T X,,,,
1107,6,3,Twelve,1,1000,4,I E,,,,
1108,6,3,Twelve,1,1000,8,P L,,,,
1109,6,3,Twelve,1,1100,3,A I B,,,,
1110,6,3,Twelve,1,1100,8,P L,,,,
1111,6,3,Twelve,1,1200,Outside,A K,,,,
1112,6,3,Twelve,1,1200,9,H V,,,,
1113,6,3,Twelve,1,1300,9,V D,,,,
1114,6,3,Twelve,1,1400,12,U K,,,,
1115,6,3,Twelve,1,1500,3,R S,,,,
1116,6,3,Twelve,2,900,2,S T,,,,
1117,6,3,Twelve,2,900,2,H G,,,,
1118,6,3,Twelve,2,900,6,L O,,,,
1119,6,3,Twelve,2,900,9,E U M,,,,
1120,6,3,Twelve,2,900,11,I C,,,,
1121,6,3,Twelve,2,900,12,A Q,,,,
1122,6,3,Twelve,2,1000,2,S T,,,,
1123,6,3,Twelve,2,1000,2,H G,,,,
1124,6,3,Twelve,2,1000,6,L O,,,,
1125,6,3,Twelve,2,1000,9,E U,,,,
1126,6,3,Twelve,2,1000,12,Q A,,,,
1127,6,3,Twelve,2,1100,2,G H,,,,
1128,6,3,Twelve,2,1100,12,A Q,,,,
1129,6,3,Twelve,2,1200,2,G H,,,,
1130,6,3,Twelve,2,1200,12,Q A,,,,
1131,6,3,Twelve,2,1300,2,T G,,,,
1132,6,3,Twelve,2,1300,6,O L,,,,
1133,6,3,Twelve,2,1300,12,A Q,,,,
1134,6,3,Twelve,2,1400,2,T G,,,,
1135,6,3,Twelve,2,1400,6,O L,,,,
1136,6,3,Twelve,2,1400,12,Q A,,,,
1137,6,3,Twelve,2,1500,2,G T,,,,
1138,6,3,Twelve,2,1500,12,Q A O,,,,
1139,6,3,Twelve,2,1600,2,T G,,,,
1140,6,3,Twelve,2,1600,12,A Q P,,,,
1141,6,3,Twelve,2,1700,1,T G,,,,
1142,6,3,Twelve,2,1700,5,U F N,,,,
1143,6,3,Twelve,2,1700,12,A P Q E,,,,
1144,6,3,Twelve,3,900,3,H K,,,,
1145,6,3,Twelve,3,900,10,O R,,,,
1146,6,3,Twelve,3,900,12,E P U A Q,,,,
1147,6,3,Twelve,3,1000,3,H K,,,,
1148,6,3,Twelve,3,1000,10,O R,,,,
1149,6,3,Twelve,3,1000,12,U Q A,,,,
1150,6,3,Twelve,3,1100,12,U A Q,,,,
1151,6,3,Twelve,3,1200,12,U A Q,,,,
1152,6,3,Twelve,3,1300,5,F N,,,,
1153,6,3,Twelve,3,1300,12,A U Q,,,,
1154,6,3,Twelve,3,1500,3,G K,,,,
1155,6,3,Twelve,3,1500,11,J C,,,,
1156,6,3,Twelve,3,1600,4,P B,,,,
1157,6,3,Twelve,3,1600,10,W S U M,,,,
1158,6,3,Twelve,3,1600,11,D O,,,,
1159,6,3,Twelve,3,1600,12,L T,,,,
1160,6,3,Twelve,3,1700,2,F K,,,,
1161,6,3,Twelve,3,1700,2,X H,,,,
1162,6,3,Twelve,3,1700,4,P B,,,,
1163,6,3,Twelve,3,1700,5,V R,,,,
1164,6,3,Twelve,3,1700,10,M S W,,,,
1165,6,3,Twelve,4,900,2,X F,,,,
1166,6,3,Twelve,4,900,3,O P G,,,,
1167,6,3,Twelve,4,900,4,J M,,,,
1168,6,3,Twelve,4,900,5,R H U N,,,,
1169,6,3,Twelve,4,900,10,S W,,,,
1170,6,3,Twelve,4,900,12,A K L T,,,,
1171,6,3,Twelve,4,1000,2,X F,,,,
1172,6,3,Twelve,4,1000,3,P O G,,,,
1173,6,3,Twelve,4,1000,4,J M,,,,
1174,6,3,Twelve,4,1000,5,U H R N,,,,
1175,6,3,Twelve,4,1000,10,S W,,,,
1176,6,3,Twelve,4,1000,12,K A,,,,
1177,6,3,Twelve,4,1100,3,O P,,,,
1178,6,3,Twelve,4,1100,4,B M,,,,
1179,6,3,Twelve,4,1100,5,R H,,,,
1180,6,3,Twelve,4,1100,10,S W,,,,
1181,6,3,Twelve,4,1200,2,X F,,,,
1182,6,3,Twelve,4,1200,3,N Q,,,,
1183,6,3,Twelve,4,1200,3,P O,,,,
1184,6,3,Twelve,4,1200,4,J M,,,,
1185,6,3,Twelve,4,1200,5,H U,,,,
1186,6,3,Twelve,4,1200,10,S W,,,,
1187,6,3,Twelve,4,1300,2,F X,,,,
1188,6,3,Twelve,4,1300,3,G O P,,,,
1189,6,3,Twelve,4,1300,4,J M,,,,
1190,6,3,Twelve,4,1300,5,H U,,,,
1191,6,3,Twelve,4,1300,12,L T,,,,
1192,6,3,Twelve,4,1400,3,O P,,,,
1193,6,3,Twelve,4,1400,12,T I,,,,
1194,6,3,Twelve,4,1500,3,P O,,,,
1195,6,3,Twelve,4,1500,5,U H,,,,
1196,6,3,Twelve,4,1500,12,I T,,,,
1197,6,3,Twelve,4,1600,3,P C G Q,,,,
1198,6,3,Twelve,4,1600,5,H U,,,,
1199,6,3,Twelve,4,1600,10,W S F,,,,
1200,6,3,Twelve,4,1600,12,I T,,,,
1197,6,3,Twelve,4,1700,3,C P,,,,
1198,6,3,Twelve,4,1700,5,H U,,,,
1199,6,3,Twelve,4,1700,10,F S,,,,
1200,6,3,Twelve,4,1700,12,T I L,,,,
1201,6,3,Twelve,5,900,3,X C G O P D Q,,,,
1202,6,3,Twelve,5,900,4,J B,,,,
1203,6,3,Twelve,5,900,5,U H R,,,,
1204,6,3,Twelve,5,900,10,W S F,,,,
1205,6,3,Twelve,5,1000,3,D C,,,,
1206,6,3,Twelve,5,1000,5,V K,,,,
1207,6,3,Twelve,5,1100,3,D C,,,,
1208,6,3,Twelve,5,1200,5,V H U,,,,
1209,6,3,Twelve,5,1300,3,G O,,,,
1210,6,3,Twelve,5,1300,5,H U,,,,
1211,6,3,Twelve,5,1300,Outside,J S,,,,
1212,6,3,Twelve,5,1300,Outside,L R,,,,
1213,6,3,Twelve,5,1400,11,F D A,,,,
1214,6,3,Twelve,5,1500,5,H V,,,,
1215,6,3,Twelve,5,1500,11,F W,,,,
1216,6,3,Twelve,5,1500,12,Q T,,,,
1217,6,3,Twelve,5,1600,5,H M,,,,
1218,6,3,Twelve,5,1600,7,E U,,,,
1219,6,3,Twelve,5,1600,9,J D,,,,
1220,6,3,Twelve,5,1600,10,O R,,,,
1221,6,3,Twelve,5,1600,10,S P,,,,
1222,6,3,Twelve,5,1700,5,H M,,,,
1223,6,3,Twelve,5,1700,8,J D,,,,
1224,6,3,Twelve,5,1700,10,R O P S,,,,
1225,6,3,Twelve,6,900,5,M H,,,,
1226,6,3,Twelve,6,900,7,E Q,,,,
1227,6,3,Twelve,6,900,10,P O,,,,
1228,6,3,Twelve,6,900,11,I A S,,,,
1229,6,3,Twelve,6,1000,7,E Q,,,,
1230,6,3,Twelve,6,1000,10,O P,,,,
1231,6,3,Twelve,6,1000,11,S I A,,,,
1232,6,3,Twelve,6,1000,5,H M,,,,
1233,6,3,Twelve,6,1100,5,B H,,,,
1234,6,3,Twelve,6,1100,7,E Q,,,,
1235,6,3,Twelve,6,1100,8,M D,,,,
1236,6,3,Twelve,6,1100,10,R O,,,,
1237,6,3,Twelve,6,1100,11,I W S,,,,
1238,6,3,Twelve,6,1200,3,X G,,,,
1239,6,3,Twelve,6,1200,5,B H,,,,
1240,6,3,Twelve,6,1300,7,E Q,,,,
1241,6,3,Twelve,6,1300,10,R O,,,,
1242,6,3,Twelve,6,1300,11,S I W,,,,
1243,6,3,Twelve,6,1400,3,X G,,,,
1244,6,3,Twelve,6,1400,7,E Q,,,,
1245,6,3,Twelve,6,1400,10,M R O,,,,
1246,6,3,Twelve,6,1400,11,S I W,,,,
1247,6,3,Twelve,6,1400,12,T C,,,,
1248,6,3,Twelve,6,1500,5,H B,,,,
1249,6,3,Twelve,6,1500,7,E Q,,,,
1250,6,3,Twelve,6,1500,11,O M A W,,,,
1251,6,3,Twelve,6,1600,3,U X,,,,
1252,6,3,Twelve,6,1600,4,P V N,,,,
1253,6,3,Twelve,6,1600,5,H B,,,,
1254,6,3,Twelve,6,1600,7,O Q,,,,
1255,6,3,Twelve,6,1600,11,C I W,,,,
1256,6,3,Twelve,6,1700,3,U X,,,,
1257,6,3,Twelve,6,1700,4,P V N,,,,
1258,6,3,Twelve,6,1700,5,B H,,,,
1259,6,3,Twelve,6,1700,7,Q O,,,,
1260,6,3,Twelve,6,1700,11,W I,,,,
